{
  "summary": {
    "chamfer_distance": 0.25310209432251796,
    "f_score": 0.6122326045563835,
    "icp_fitness": 0.6329737539128341,
    "icp_rmse": 0.03897885857252634,
    "inlier_ratio": 0.6329737539128341,
    "ate": 0.028957706763643076,
    "rpe_translation": 0.0030096137905949926,
    "rpe_rotation": 6.147151679155458,
    "psnr": null,
    "ssim": null,
    "lpips": null,
    "rce_l1": null,
    "rce_rmse": null,
    "rce_coverage": null
  },
  "detailed": {
    "icp": {
      "transformation": [
        [
          0.9998806887105567,
          0.015045833436576578,
          0.0034973189593048718,
          0.4432132334475164
        ],
        [
          -0.014967340000499067,
          0.9996572375671507,
          -0.021479900207460118,
          0.008036000722810573
        ],
        [
          -0.003819303210505667,
          0.021424991850915124,
          0.9997631632777714,
          -0.31178883700965465
        ],
        [
          0.0,
          0.0,
          0.0,
          1.0
        ]
      ],
      "fitness": 0.6329737539128341,
      "inlier_rmse": 0.03897885857252634,
      "num_correspondences": 131437,
      "inlier_ratio": 0.6329737539128341,
      "threshold": 0.1,
      "method": "point_to_plane"
    },
    "geometry": {
      "chamfer": {
        "chamfer_distance": 0.25310209432251796,
        "pred_to_gt_mean": 0.19723010789859627,
        "gt_to_pred_mean": 0.055871986423921674,
        "n_pred": 207650,
        "n_gt": 137878
      },
      "f_score": {
        "threshold": 0.05,
        "precision": 0.5046183481820371,
        "recall": 0.778187963271878,
        "f_score": 0.6122326045563835,
        "n_pred": 207650,
        "n_gt": 137878
      },
      "hausdorff": {
        "hausdorff": 2.7133041828427484,
        "directed_pred_to_gt": 2.7133041828427484,
        "directed_gt_to_pred": 0.9320605579544965,
        "quantile": 0.95,
        "pred_to_gt_quantile": 0.9695329705996767,
        "gt_to_pred_quantile": 0.2601862010040604
      }
    },
    "preprocess": {
      "gt": {
        "input_points": 261910,
        "after_voxel": 144968,
        "after_outliers": 137878,
        "centroid": [
          -1.0218443844682163,
          -0.49966571444537816,
          2.354695743231109
        ]
      },
      "pred": {
        "input_points": 375547,
        "after_voxel": 217164,
        "after_outliers": 207650,
        "centroid": [
          -0.5770345397625195,
          -0.4864287241217654,
          2.0256752948837082
        ]
      }
    },
    "config": {
      "voxel_size": 0.02,
      "f_score_threshold": 0.05,
      "icp_threshold": 0.1,
      "icp_method": "point_to_plane",
      "pose_with_scaling": true,
      "rpe_delta": 1,
      "include_lpips": false,
      "lpips_net": "alex"
    },
    "inputs": {
      "gt": "/Users/nidhimathihalli/Downloads/3D points cloud stuff/pointclouds/2cf1a544b179b1a7_standard.ply",
      "pred": "/Users/nidhimathihalli/Downloads/3D points cloud stuff/pointclouds/2cf1a544b179b1a7_1.ply",
      "gt_traj": "/Users/nidhimathihalli/Downloads/3D points cloud stuff/trajectories/2cf1a544b179b1a7.txt",
      "pred_traj": "/Users/nidhimathihalli/Downloads/3D points cloud stuff/trajectories/2cf1a544b179b1a7_1.txt",
      "rendered_images": null,
      "gt_images": null,
      "rce_intrinsics_json": null,
      "rce_video": null,
      "rce_image_dir": null
    },
    "pose": {
      "ate": {
        "ate_rmse": 0.028957706763643076,
        "ate_mean": 0.024455660498665162,
        "ate_median": 0.019168749924693012,
        "ate_max": 0.0663333558594544,
        "aligned_with_scale": true,
        "n_frames": 71
      },
      "rpe": {
        "rpe_translation_rmse": 0.0030096137905949926,
        "rpe_translation_mean": 0.0027544132695611553,
        "rpe_rotation_rmse_deg": 6.147151679155458,
        "rpe_rotation_mean_deg": 4.114733929235149,
        "delta": 1,
        "n_pairs": 70
      },
      "alignment": {
        "rotation": [
          [
            0.17003294233355232,
            0.9516861462977316,
            0.2556995844078874
          ],
          [
            0.6412183706408702,
            -0.30388197674607603,
            0.7046238325245356
          ],
          [
            0.748283234927833,
            0.04415000740508224,
            -0.6619085867187922
          ]
        ],
        "translation": [
          -0.061911793218785635,
          -0.008038505246009442,
          -0.018779318854392366
        ],
        "scale": 0.39627490644221525,
        "with_scaling": true
      },
      "pose_consistency": {
        "pose_consistency_score": 0.20614001032639148,
        "ate_term": 0.7485800993888291,
        "rpe_translation_term": 0.9415834724513313,
        "rpe_rotation_term": 0.29245913372520316,
        "ate_scale": 0.1,
        "rpe_translation_scale": 0.05,
        "rpe_rotation_scale_deg": 5.0
      }
    }
  }
}