{
  "summary": {
    "chamfer_distance": 0.525609856277079,
    "f_score": 0.32925391843780927,
    "icp_fitness": 0.3804254033139944,
    "icp_rmse": 0.04921664534968644,
    "inlier_ratio": 0.3804254033139944,
    "ate": 0.006191856624298864,
    "rpe_translation": 0.0024813868527633906,
    "rpe_rotation": 0.0,
    "psnr": null,
    "ssim": null,
    "lpips": null,
    "rce_l1": null,
    "rce_rmse": null,
    "rce_coverage": null
  },
  "detailed": {
    "icp": {
      "transformation": [
        [
          0.9795259982323767,
          0.19349184337753442,
          0.05558529781542407,
          0.259608230760992
        ],
        [
          -0.13195282093526606,
          0.8255964319339989,
          -0.5486155162088242,
          -0.5138635047048823
        ],
        [
          -0.15204365108116608,
          0.5300485243109476,
          0.8342249636888699,
          -0.1435197346751523
        ],
        [
          0.0,
          0.0,
          0.0,
          1.0
        ]
      ],
      "fitness": 0.3804254033139944,
      "inlier_rmse": 0.04921664534968644,
      "num_correspondences": 95669,
      "inlier_ratio": 0.3804254033139944,
      "threshold": 0.1,
      "method": "point_to_plane"
    },
    "geometry": {
      "chamfer": {
        "chamfer_distance": 0.525609856277079,
        "pred_to_gt_mean": 0.3259498808531559,
        "gt_to_pred_mean": 0.19965997542392316,
        "n_pred": 251479,
        "n_gt": 137878
      },
      "f_score": {
        "threshold": 0.05,
        "precision": 0.24547178889688603,
        "recall": 0.49986219701475215,
        "f_score": 0.32925391843780927,
        "n_pred": 251479,
        "n_gt": 137878
      },
      "hausdorff": {
        "hausdorff": 2.0408391517085014,
        "directed_pred_to_gt": 2.0408391517085014,
        "directed_gt_to_pred": 2.020142186366299,
        "quantile": 0.95,
        "pred_to_gt_quantile": 1.1408770096188952,
        "gt_to_pred_quantile": 0.9406947293027706
      }
    },
    "preprocess": {
      "gt": {
        "input_points": 261910,
        "after_voxel": 144968,
        "after_outliers": 137878,
        "centroid": [
          -1.0218443844682163,
          -0.49966571444537816,
          2.354695743231109
        ]
      },
      "pred": {
        "input_points": 439027,
        "after_voxel": 260889,
        "after_outliers": 251479,
        "centroid": [
          -0.5986802477094709,
          -0.26240533962157403,
          1.4804597611726793
        ]
      }
    },
    "config": {
      "voxel_size": 0.02,
      "f_score_threshold": 0.05,
      "icp_threshold": 0.1,
      "icp_method": "point_to_plane",
      "pose_with_scaling": true,
      "rpe_delta": 1,
      "include_lpips": false,
      "lpips_net": "alex"
    },
    "inputs": {
      "gt": "/Users/nidhimathihalli/Downloads/3D points cloud stuff/pointclouds/2cf1a544b179b1a7_standard.ply",
      "pred": "/Users/nidhimathihalli/Downloads/3D points cloud stuff/pointclouds/2cf1a544b179b1a7_2.ply",
      "gt_traj": "/Users/nidhimathihalli/Downloads/3D points cloud stuff/trajectories/2cf1a544b179b1a7.txt",
      "pred_traj": "/Users/nidhimathihalli/Downloads/3D points cloud stuff/trajectories/2cf1a544b179b1a7_2.txt",
      "rendered_images": null,
      "gt_images": null,
      "rce_intrinsics_json": null,
      "rce_video": null,
      "rce_image_dir": null
    },
    "pose": {
      "ate": {
        "ate_rmse": 0.006191856624298864,
        "ate_mean": 0.005278263933995972,
        "ate_median": 0.004793891276596113,
        "ate_max": 0.015721896915179147,
        "aligned_with_scale": true,
        "n_frames": 71
      },
      "rpe": {
        "rpe_translation_rmse": 0.0024813868527633906,
        "rpe_translation_mean": 0.0024722233590198494,
        "rpe_rotation_rmse_deg": 0.0,
        "rpe_rotation_mean_deg": 0.0,
        "delta": 1,
        "n_pairs": 70
      },
      "alignment": {
        "rotation": [
          [
            0.1481223965511859,
            -0.36023858253000923,
            0.921025471578665
          ],
          [
            0.5151277176647243,
            0.8230915596011676,
            0.239089353604147
          ],
          [
            -0.844217501674459,
            0.43903126103967427,
            0.30748717322263747
          ]
        ],
        "translation": [
          -0.015030737999778013,
          -0.00820070458674854,
          -0.0109885750250685
        ],
        "scale": 0.07858036828862322,
        "with_scaling": true
      },
      "pose_consistency": {
        "pose_consistency_score": 0.8944499744604618,
        "ate_term": 0.939959428102192,
        "rpe_translation_term": 0.9515835978861181,
        "rpe_rotation_term": 1.0,
        "ate_scale": 0.1,
        "rpe_translation_scale": 0.05,
        "rpe_rotation_scale_deg": 5.0
      }
    }
  }
}