{
  "summary": {
    "chamfer_distance": 0.4885025478831226,
    "f_score": 0.5448770829033092,
    "icp_fitness": 0.5036202870235664,
    "icp_rmse": 0.03534408987253858,
    "inlier_ratio": 0.5036202870235664,
    "ate": 0.025788130701986045,
    "rpe_translation": 0.0027783691101634384,
    "rpe_rotation": 7.90936593016969,
    "psnr": null,
    "ssim": null,
    "lpips": null,
    "rce_l1": null,
    "rce_rmse": null,
    "rce_coverage": null
  },
  "detailed": {
    "icp": {
      "transformation": [
        [
          0.9999992779931927,
          -0.0009188562488840094,
          -0.000774413511253557,
          0.20194577969466657
        ],
        [
          0.0009182914914114781,
          0.9999993124224809,
          -0.0007293115268984854,
          -0.09903782795932224
        ],
        [
          0.0007750831112381035,
          0.000728599862992383,
          0.9999994341940455,
          -0.31219903853465547
        ],
        [
          0.0,
          0.0,
          0.0,
          1.0
        ]
      ],
      "fitness": 0.5036202870235664,
      "inlier_rmse": 0.03534408987253858,
      "num_correspondences": 120122,
      "inlier_ratio": 0.5036202870235664,
      "threshold": 0.1,
      "method": "point_to_plane"
    },
    "geometry": {
      "chamfer": {
        "chamfer_distance": 0.4885025478831226,
        "pred_to_gt_mean": 0.4403151895909153,
        "gt_to_pred_mean": 0.048187358292207286,
        "n_pred": 238517,
        "n_gt": 137878
      },
      "f_score": {
        "threshold": 0.05,
        "precision": 0.41807082933291967,
        "recall": 0.782097216379698,
        "f_score": 0.5448770829033092,
        "n_pred": 238517,
        "n_gt": 137878
      },
      "hausdorff": {
        "hausdorff": 5.04130042517106,
        "directed_pred_to_gt": 5.04130042517106,
        "directed_gt_to_pred": 0.9625229186225706,
        "quantile": 0.95,
        "pred_to_gt_quantile": 2.192661855344421,
        "gt_to_pred_quantile": 0.1747620030696905
      }
    },
    "preprocess": {
      "gt": {
        "input_points": 261910,
        "after_voxel": 144968,
        "after_outliers": 137878,
        "centroid": [
          -1.0218443844682163,
          -0.49966571444537816,
          2.354695743231109
        ]
      },
      "pred": {
        "input_points": 407646,
        "after_voxel": 251382,
        "after_outliers": 238517,
        "centroid": [
          -0.8172571056330772,
          -0.5993283404967378,
          2.038381633073384
        ]
      }
    },
    "config": {
      "voxel_size": 0.02,
      "f_score_threshold": 0.05,
      "icp_threshold": 0.1,
      "icp_method": "point_to_plane",
      "pose_with_scaling": true,
      "rpe_delta": 1,
      "include_lpips": false,
      "lpips_net": "alex"
    },
    "inputs": {
      "gt": "/Users/nidhimathihalli/Downloads/3D points cloud stuff/pointclouds/2cf1a544b179b1a7_standard.ply",
      "pred": "/Users/nidhimathihalli/Downloads/3D points cloud stuff/pointclouds/2cf1a544b179b1a7_4.ply",
      "gt_traj": "/Users/nidhimathihalli/Downloads/3D points cloud stuff/trajectories/2cf1a544b179b1a7.txt",
      "pred_traj": "/Users/nidhimathihalli/Downloads/3D points cloud stuff/trajectories/2cf1a544b179b1a7_4.txt",
      "rendered_images": null,
      "gt_images": null,
      "rce_intrinsics_json": null,
      "rce_video": null,
      "rce_image_dir": null
    },
    "pose": {
      "ate": {
        "ate_rmse": 0.025788130701986045,
        "ate_mean": 0.021251188926651104,
        "ate_median": 0.016331423121524694,
        "ate_max": 0.06640388842487423,
        "aligned_with_scale": true,
        "n_frames": 71
      },
      "rpe": {
        "rpe_translation_rmse": 0.0027783691101634384,
        "rpe_translation_mean": 0.002586732933277563,
        "rpe_rotation_rmse_deg": 7.90936593016969,
        "rpe_rotation_mean_deg": 5.336753745969203,
        "delta": 1,
        "n_pairs": 70
      },
      "alignment": {
        "rotation": [
          [
            0.3259663576686988,
            0.9017080941980439,
            0.28402191205245697
          ],
          [
            0.8080296628661087,
            -0.4216910192724228,
            0.4114179726184403
          ],
          [
            0.4907484055976997,
            0.09538971182846098,
            -0.8660639729723196
          ]
        ],
        "translation": [
          -0.05235168256846452,
          -0.0018950243600237004,
          -0.016038912997952307
        ],
        "scale": 0.3315598227332075,
        "with_scaling": true
      },
      "pose_consistency": {
        "pose_consistency_score": 0.1502699590795964,
        "ate_term": 0.7726869391798536,
        "rpe_translation_term": 0.9459482814435309,
        "rpe_rotation_term": 0.20558962966743935,
        "ate_scale": 0.1,
        "rpe_translation_scale": 0.05,
        "rpe_rotation_scale_deg": 5.0
      }
    }
  }
}