{
  "summary": {
    "chamfer_distance": 0.2865835692888395,
    "f_score": 0.4850025049996432,
    "icp_fitness": 0.6137844626553405,
    "icp_rmse": 0.046685834400292836,
    "inlier_ratio": 0.6137844626553405,
    "ate": 0.005714743764069955,
    "rpe_translation": 0.0018859621405061824,
    "rpe_rotation": 4.948461103233519,
    "psnr": null,
    "ssim": null,
    "lpips": null,
    "rce_l1": null,
    "rce_rmse": null,
    "rce_coverage": null
  },
  "detailed": {
    "icp": {
      "transformation": [
        [
          0.9854030756509349,
          -0.03664394225282136,
          0.1662468044620763,
          0.39996152140206365
        ],
        [
          0.017788091179153413,
          0.9933761575486364,
          0.11352265600359218,
          0.17257717839181902
        ],
        [
          -0.16930552947225927,
          -0.10890836106598838,
          0.9795277467126897,
          -0.10286503962407575
        ],
        [
          0.0,
          0.0,
          0.0,
          1.0
        ]
      ],
      "fitness": 0.6137844626553405,
      "inlier_rmse": 0.046685834400292836,
      "num_correspondences": 102386,
      "inlier_ratio": 0.6137844626553405,
      "threshold": 0.1,
      "method": "point_to_plane"
    },
    "geometry": {
      "chamfer": {
        "chamfer_distance": 0.2865835692888395,
        "pred_to_gt_mean": 0.14958480124552687,
        "gt_to_pred_mean": 0.13699876804331262,
        "n_pred": 166811,
        "n_gt": 137878
      },
      "f_score": {
        "threshold": 0.05,
        "precision": 0.42024806517555796,
        "recall": 0.5733474520953307,
        "f_score": 0.4850025049996432,
        "n_pred": 166811,
        "n_gt": 137878
      },
      "hausdorff": {
        "hausdorff": 2.2046739914704943,
        "directed_pred_to_gt": 1.5023137868122836,
        "directed_gt_to_pred": 2.2046739914704943,
        "quantile": 0.95,
        "pred_to_gt_quantile": 0.5864692658674859,
        "gt_to_pred_quantile": 0.5388209173639636
      }
    },
    "preprocess": {
      "gt": {
        "input_points": 261910,
        "after_voxel": 144968,
        "after_outliers": 137878,
        "centroid": [
          -1.0218443844682163,
          -0.49966571444537816,
          2.354695743231109
        ]
      },
      "pred": {
        "input_points": 311864,
        "after_voxel": 174977,
        "after_outliers": 166811,
        "centroid": [
          -0.7865146178315704,
          -0.34630514642744736,
          1.679698441000255
        ]
      }
    },
    "config": {
      "voxel_size": 0.02,
      "f_score_threshold": 0.05,
      "icp_threshold": 0.1,
      "icp_method": "point_to_plane",
      "pose_with_scaling": true,
      "rpe_delta": 1,
      "include_lpips": false,
      "lpips_net": "alex"
    },
    "inputs": {
      "gt": "/Users/nidhimathihalli/Downloads/3D points cloud stuff/pointclouds/2cf1a544b179b1a7_standard.ply",
      "pred": "/Users/nidhimathihalli/Downloads/3D points cloud stuff/pointclouds/2cf1a544b179b1a7_3.ply",
      "gt_traj": "/Users/nidhimathihalli/Downloads/3D points cloud stuff/trajectories/2cf1a544b179b1a7.txt",
      "pred_traj": "/Users/nidhimathihalli/Downloads/3D points cloud stuff/trajectories/2cf1a544b179b1a7_3.txt",
      "rendered_images": null,
      "gt_images": null,
      "rce_intrinsics_json": null,
      "rce_video": null,
      "rce_image_dir": null
    },
    "pose": {
      "ate": {
        "ate_rmse": 0.005714743764069955,
        "ate_mean": 0.004890668774952305,
        "ate_median": 0.003969072966709124,
        "ate_max": 0.013431019747183713,
        "aligned_with_scale": true,
        "n_frames": 71
      },
      "rpe": {
        "rpe_translation_rmse": 0.0018859621405061824,
        "rpe_translation_mean": 0.0018014186635142164,
        "rpe_rotation_rmse_deg": 4.948461103233519,
        "rpe_rotation_mean_deg": 4.932180747803904,
        "delta": 1,
        "n_pairs": 70
      },
      "alignment": {
        "rotation": [
          [
            0.7393799104109308,
            0.6693565824818077,
            0.07265750868972984
          ],
          [
            -0.49779001804635814,
            0.4707997331689827,
            0.7283904922371113
          ],
          [
            0.4533458348922269,
            -0.5747254794563135,
            0.6812988898050403
          ]
        ],
        "translation": [
          0.04492071047985252,
          0.034838659778432535,
          0.008662514822193053
        ],
        "scale": 4.4304179701127975,
        "with_scaling": true
      },
      "pose_consistency": {
        "pose_consistency_score": 0.33805086687892694,
        "ate_term": 0.9444548109117384,
        "rpe_translation_term": 0.962983267417424,
        "rpe_rotation_term": 0.37169107225689674,
        "ate_scale": 0.1,
        "rpe_translation_scale": 0.05,
        "rpe_rotation_scale_deg": 5.0
      }
    }
  }
}