{
  "summary": {
    "chamfer_distance": 0.154132353273653,
    "f_score": 0.7345431992352417,
    "icp_fitness": 0.8153821857233101,
    "icp_rmse": 0.02944267581552509,
    "inlier_ratio": 0.8153821857233101,
    "ate": 0.013298676708964475,
    "rpe_translation": 0.004038176514476615,
    "rpe_rotation": 5.037182272921523,
    "psnr": null,
    "ssim": null,
    "lpips": null,
    "rce_l1": null,
    "rce_rmse": null,
    "rce_coverage": null
  },
  "detailed": {
    "icp": {
      "transformation": [
        [
          0.9983567728384317,
          -0.005196707218881161,
          0.05706792761011131,
          -0.004064899778270827
        ],
        [
          0.00402318707726892,
          0.9997784803608749,
          0.02065923941098261,
          -0.013026286443595837
        ],
        [
          -0.057162645961965144,
          -0.020395696638757618,
          0.998156524531723,
          0.13630181457531815
        ],
        [
          0.0,
          0.0,
          0.0,
          1.0
        ]
      ],
      "fitness": 0.8153821857233101,
      "inlier_rmse": 0.02944267581552509,
      "num_correspondences": 263313,
      "inlier_ratio": 0.8153821857233101,
      "threshold": 0.1,
      "method": "point_to_plane"
    },
    "geometry": {
      "chamfer": {
        "chamfer_distance": 0.154132353273653,
        "pred_to_gt_mean": 0.08285523273171183,
        "gt_to_pred_mean": 0.07127712054194116,
        "n_pred": 322932,
        "n_gt": 313627
      },
      "f_score": {
        "threshold": 0.05,
        "precision": 0.7346407293176273,
        "recall": 0.7344456950453883,
        "f_score": 0.7345431992352417,
        "n_pred": 322932,
        "n_gt": 313627
      },
      "hausdorff": {
        "hausdorff": 1.2349349236199096,
        "directed_pred_to_gt": 1.2349349236199096,
        "directed_gt_to_pred": 1.1460748078253447,
        "quantile": 0.95,
        "pred_to_gt_quantile": 0.46032533495389094,
        "gt_to_pred_quantile": 0.3347548154786187
      }
    },
    "preprocess": {
      "gt": {
        "input_points": 410302,
        "after_voxel": 325912,
        "after_outliers": 313627,
        "centroid": [
          0.2888518195310198,
          -0.059721322862684584,
          4.81237121541354
        ]
      },
      "pred": {
        "input_points": 424198,
        "after_voxel": 337843,
        "after_outliers": 322932,
        "centroid": [
          0.2266706853140378,
          -0.053920594004931814,
          3.944530738081971
        ]
      }
    },
    "config": {
      "voxel_size": 0.02,
      "f_score_threshold": 0.05,
      "icp_threshold": 0.1,
      "icp_method": "point_to_plane",
      "pose_with_scaling": true,
      "rpe_delta": 1,
      "include_lpips": false,
      "lpips_net": "alex"
    },
    "inputs": {
      "gt": "/Users/nidhimathihalli/Downloads/3D points cloud stuff/pointclouds/568ef8c24a0b1408_standard.ply",
      "pred": "/Users/nidhimathihalli/Downloads/3D points cloud stuff/pointclouds/568ef8c24a0b1408_3.ply",
      "gt_traj": "/Users/nidhimathihalli/Downloads/3D points cloud stuff/trajectories/568ef8c24a0b1408.txt",
      "pred_traj": "/Users/nidhimathihalli/Downloads/3D points cloud stuff/trajectories/568ef8c24a0b1408_3.txt",
      "rendered_images": null,
      "gt_images": null,
      "rce_intrinsics_json": null,
      "rce_video": null,
      "rce_image_dir": null
    },
    "pose": {
      "ate": {
        "ate_rmse": 0.013298676708964475,
        "ate_mean": 0.011283505223868817,
        "ate_median": 0.009613115220028914,
        "ate_max": 0.03477670053385283,
        "aligned_with_scale": true,
        "n_frames": 66
      },
      "rpe": {
        "rpe_translation_rmse": 0.004038176514476615,
        "rpe_translation_mean": 0.003737610509106626,
        "rpe_rotation_rmse_deg": 5.037182272921523,
        "rpe_rotation_mean_deg": 5.023267743818303,
        "delta": 1,
        "n_pairs": 65
      },
      "alignment": {
        "rotation": [
          [
            0.8321124852902159,
            0.10329327229712156,
            -0.5449030296504997
          ],
          [
            -0.10667527188896432,
            0.9939664358927505,
            0.025516870616872106
          ],
          [
            0.5442510433536677,
            0.03689477221525289,
            0.8381107191723707
          ]
        ],
        "translation": [
          0.5977481202555793,
          0.06388951216324117,
          -0.3007226279983881
        ],
        "scale": 2.845696957078199,
        "with_scaling": true
      },
      "pose_consistency": {
        "pose_consistency_score": 0.2948800097596854,
        "ate_term": 0.8754766771365058,
        "rpe_translation_term": 0.9224117881054299,
        "rpe_rotation_term": 0.3651538692710252,
        "ate_scale": 0.1,
        "rpe_translation_scale": 0.05,
        "rpe_rotation_scale_deg": 5.0
      }
    }
  }
}