{
  "summary": {
    "chamfer_distance": 0.3542190298198215,
    "f_score": 0.5545538119313943,
    "icp_fitness": 0.5273850743088478,
    "icp_rmse": 0.03696296193063047,
    "inlier_ratio": 0.5273850743088478,
    "ate": 0.01709733544890192,
    "rpe_translation": 0.002947037824115669,
    "rpe_rotation": 6.433123392267596,
    "psnr": null,
    "ssim": null,
    "lpips": null,
    "rce_l1": null,
    "rce_rmse": null,
    "rce_coverage": null
  },
  "detailed": {
    "icp": {
      "transformation": [
        [
          0.9999976305711127,
          -0.0020167030308854395,
          -0.000819610301273332,
          0.049089719741664144
        ],
        [
          0.002011994639949705,
          0.9999816996480073,
          -0.0057054576197533,
          0.029732931152817315
        ],
        [
          0.0008311015157906696,
          0.005703795049544193,
          0.99998338785817,
          -0.09363753535763662
        ],
        [
          0.0,
          0.0,
          0.0,
          1.0
        ]
      ],
      "fitness": 0.5273850743088478,
      "inlier_rmse": 0.03696296193063047,
      "num_correspondences": 198012,
      "inlier_ratio": 0.5273850743088478,
      "threshold": 0.1,
      "method": "point_to_plane"
    },
    "geometry": {
      "chamfer": {
        "chamfer_distance": 0.3542190298198215,
        "pred_to_gt_mean": 0.31158148120796136,
        "gt_to_pred_mean": 0.04263754861186015,
        "n_pred": 375460,
        "n_gt": 313627
      },
      "f_score": {
        "threshold": 0.05,
        "precision": 0.4246737335535077,
        "recall": 0.7988789230519056,
        "f_score": 0.5545538119313943,
        "n_pred": 375460,
        "n_gt": 313627
      },
      "hausdorff": {
        "hausdorff": 5.825595879697732,
        "directed_pred_to_gt": 5.825595879697732,
        "directed_gt_to_pred": 1.023840697474852,
        "quantile": 0.95,
        "pred_to_gt_quantile": 1.062103168420456,
        "gt_to_pred_quantile": 0.16650018681415232
      }
    },
    "preprocess": {
      "gt": {
        "input_points": 410302,
        "after_voxel": 325912,
        "after_outliers": 313627,
        "centroid": [
          0.2888518195310198,
          -0.059721322862684584,
          4.81237121541354
        ]
      },
      "pred": {
        "input_points": 428334,
        "after_voxel": 391237,
        "after_outliers": 375460,
        "centroid": [
          0.3371999652691757,
          -0.033280620844702735,
          4.723704487365978
        ]
      }
    },
    "config": {
      "voxel_size": 0.02,
      "f_score_threshold": 0.05,
      "icp_threshold": 0.1,
      "icp_method": "point_to_plane",
      "pose_with_scaling": true,
      "rpe_delta": 1,
      "include_lpips": false,
      "lpips_net": "alex"
    },
    "inputs": {
      "gt": "/Users/nidhimathihalli/Downloads/3D points cloud stuff/pointclouds/568ef8c24a0b1408_standard.ply",
      "pred": "/Users/nidhimathihalli/Downloads/3D points cloud stuff/pointclouds/568ef8c24a0b1408_1.ply",
      "gt_traj": "/Users/nidhimathihalli/Downloads/3D points cloud stuff/trajectories/568ef8c24a0b1408.txt",
      "pred_traj": "/Users/nidhimathihalli/Downloads/3D points cloud stuff/trajectories/568ef8c24a0b1408_1.txt",
      "rendered_images": null,
      "gt_images": null,
      "rce_intrinsics_json": null,
      "rce_video": null,
      "rce_image_dir": null
    },
    "pose": {
      "ate": {
        "ate_rmse": 0.01709733544890192,
        "ate_mean": 0.015503942792830466,
        "ate_median": 0.015830242880668893,
        "ate_max": 0.03687874154523548,
        "aligned_with_scale": true,
        "n_frames": 66
      },
      "rpe": {
        "rpe_translation_rmse": 0.002947037824115669,
        "rpe_translation_mean": 0.00267220824888178,
        "rpe_rotation_rmse_deg": 6.433123392267596,
        "rpe_rotation_mean_deg": 4.3388946350458415,
        "delta": 1,
        "n_pairs": 65
      },
      "alignment": {
        "rotation": [
          [
            0.8845890021707855,
            0.4276873012517648,
            -0.1859727657117463
          ],
          [
            -0.4324819425896295,
            0.9014991470389673,
            0.01608282381656033
          ],
          [
            0.1745327091762296,
            0.06620317391180258,
            0.9824232658032943
          ]
        ],
        "translation": [
          0.09703070162582404,
          -0.05153025670429989,
          0.048714665461740914
        ],
        "scale": 0.9454956848736944,
        "with_scaling": true
      },
      "pose_consistency": {
        "pose_consistency_score": 0.21947020644291051,
        "ate_term": 0.842844031182308,
        "rpe_translation_term": 0.9427626200766378,
        "rpe_rotation_term": 0.27620148031262315,
        "ate_scale": 0.1,
        "rpe_translation_scale": 0.05,
        "rpe_rotation_scale_deg": 5.0
      }
    }
  }
}