{
  "summary": {
    "chamfer_distance": 0.5768019254998262,
    "f_score": 0.26894370783179306,
    "icp_fitness": 0.3660617327615165,
    "icp_rmse": 0.047526707077015375,
    "inlier_ratio": 0.3660617327615165,
    "ate": 0.05377149004024192,
    "rpe_translation": 0.005062747933093439,
    "rpe_rotation": 3.2468026524324287,
    "psnr": null,
    "ssim": null,
    "lpips": null,
    "rce_l1": null,
    "rce_rmse": null,
    "rce_coverage": null
  },
  "detailed": {
    "icp": {
      "transformation": [
        [
          0.9995827554640825,
          -0.025637206101399763,
          -0.013305962653906331,
          0.037629977359495165
        ],
        [
          0.02555507295522009,
          0.9996535235465871,
          -0.006306433790053264,
          0.08586507390617203
        ],
        [
          0.01346303179399719,
          0.005963767618653217,
          0.9998915842483642,
          0.020678606472319595
        ],
        [
          0.0,
          0.0,
          0.0,
          1.0
        ]
      ],
      "fitness": 0.3660617327615165,
      "inlier_rmse": 0.047526707077015375,
      "num_correspondences": 205965,
      "inlier_ratio": 0.3660617327615165,
      "threshold": 0.1,
      "method": "point_to_plane"
    },
    "geometry": {
      "chamfer": {
        "chamfer_distance": 0.5768019254998262,
        "pred_to_gt_mean": 0.37617869334244713,
        "gt_to_pred_mean": 0.2006232321573791,
        "n_pred": 562651,
        "n_gt": 508775
      },
      "f_score": {
        "threshold": 0.05,
        "precision": 0.25126765970379505,
        "recall": 0.28929487494472017,
        "f_score": 0.26894370783179306,
        "n_pred": 562651,
        "n_gt": 508775
      },
      "hausdorff": {
        "hausdorff": 4.645996998381811,
        "directed_pred_to_gt": 4.645996998381811,
        "directed_gt_to_pred": 1.9515722594521863,
        "quantile": 0.95,
        "pred_to_gt_quantile": 1.2613666922019662,
        "gt_to_pred_quantile": 0.7269421210149933
      }
    },
    "preprocess": {
      "gt": {
        "input_points": 615210,
        "after_voxel": 532745,
        "after_outliers": 508775,
        "centroid": [
          -1.7646428227849507,
          -0.47589526814368904,
          3.5947394206343257
        ]
      },
      "pred": {
        "input_points": 661024,
        "after_voxel": 582974,
        "after_outliers": 562651,
        "centroid": [
          -1.190517552219911,
          -0.4172700972020801,
          2.8211173372038965
        ]
      }
    },
    "config": {
      "voxel_size": 0.02,
      "f_score_threshold": 0.05,
      "icp_threshold": 0.1,
      "icp_method": "point_to_plane",
      "pose_with_scaling": true,
      "rpe_delta": 1,
      "include_lpips": false,
      "lpips_net": "alex"
    },
    "inputs": {
      "gt": "/Users/nidhimathihalli/Downloads/3D points cloud stuff/pointclouds/bac7820ec2cd15a8_standard.ply",
      "pred": "/Users/nidhimathihalli/Downloads/3D points cloud stuff/pointclouds/bac7820ec2cd15a8_3.ply",
      "gt_traj": "/Users/nidhimathihalli/Downloads/3D points cloud stuff/trajectories/bac7820ec2cd15a8.txt",
      "pred_traj": "/Users/nidhimathihalli/Downloads/3D points cloud stuff/trajectories/bac7820ec2cd15a8_3.txt",
      "rendered_images": null,
      "gt_images": null,
      "rce_intrinsics_json": null,
      "rce_video": null,
      "rce_image_dir": null
    },
    "pose": {
      "ate": {
        "ate_rmse": 0.05377149004024192,
        "ate_mean": 0.04812837491626032,
        "ate_median": 0.044112594453193085,
        "ate_max": 0.14246009936672568,
        "aligned_with_scale": true,
        "n_frames": 169
      },
      "rpe": {
        "rpe_translation_rmse": 0.005062747933093439,
        "rpe_translation_mean": 0.004715552099186046,
        "rpe_rotation_rmse_deg": 3.2468026524324287,
        "rpe_rotation_mean_deg": 2.5559437865285943,
        "delta": 1,
        "n_pairs": 168
      },
      "alignment": {
        "rotation": [
          [
            -0.30058356811767056,
            0.02218115238338051,
            0.95349751706892
          ],
          [
            0.7338702450187816,
            -0.6331514840685873,
            0.24607653626020312
          ],
          [
            0.6091666291366619,
            0.7737100197752973,
            0.1740368445059441
          ]
        ],
        "translation": [
          -0.36033059769651477,
          0.19604289594078594,
          0.2228902919713773
        ],
        "scale": 8.253410503190699,
        "with_scaling": true
      },
      "pose_consistency": {
        "pose_consistency_score": 0.27573076195146956,
        "ate_term": 0.5840814127930375,
        "rpe_translation_term": 0.9037025967064788,
        "rpe_rotation_term": 0.5223797158804772,
        "ate_scale": 0.1,
        "rpe_translation_scale": 0.05,
        "rpe_rotation_scale_deg": 5.0
      }
    }
  }
}