{
  "summary": {
    "chamfer_distance": 0.48210540472020913,
    "f_score": 0.3172081949648188,
    "icp_fitness": 0.4270175929661066,
    "icp_rmse": 0.04808508110964003,
    "inlier_ratio": 0.4270175929661066,
    "ate": 0.010910171614142757,
    "rpe_translation": 0.0006718884466815995,
    "rpe_rotation": 3.4244839994077627,
    "psnr": null,
    "ssim": null,
    "lpips": null,
    "rce_l1": null,
    "rce_rmse": null,
    "rce_coverage": null
  },
  "detailed": {
    "icp": {
      "transformation": [
        [
          0.9975756663262043,
          0.06913440738205731,
          0.007951331320204688,
          -0.35353410001789515
        ],
        [
          -0.06901664937487065,
          0.997513914254884,
          -0.014237028375568438,
          0.3044773760179673
        ],
        [
          -0.008915832148381262,
          0.013653738822472748,
          0.999867032836503,
          0.031026427111233452
        ],
        [
          0.0,
          0.0,
          0.0,
          1.0
        ]
      ],
      "fitness": 0.4270175929661066,
      "inlier_rmse": 0.04808508110964003,
      "num_correspondences": 259347,
      "inlier_ratio": 0.4270175929661066,
      "threshold": 0.1,
      "method": "point_to_plane"
    },
    "geometry": {
      "chamfer": {
        "chamfer_distance": 0.48210540472020913,
        "pred_to_gt_mean": 0.31051390618730834,
        "gt_to_pred_mean": 0.1715914985329008,
        "n_pred": 607345,
        "n_gt": 508775
      },
      "f_score": {
        "threshold": 0.05,
        "precision": 0.28637924079394744,
        "recall": 0.3554754066139256,
        "f_score": 0.3172081949648188,
        "n_pred": 607345,
        "n_gt": 508775
      },
      "hausdorff": {
        "hausdorff": 3.797916078434617,
        "directed_pred_to_gt": 3.797916078434617,
        "directed_gt_to_pred": 3.0681581091377947,
        "quantile": 0.95,
        "pred_to_gt_quantile": 1.278641935004098,
        "gt_to_pred_quantile": 0.5757997489777489
      }
    },
    "preprocess": {
      "gt": {
        "input_points": 615210,
        "after_voxel": 532745,
        "after_outliers": 508775,
        "centroid": [
          -1.7646428227849507,
          -0.47589526814368904,
          3.5947394206343257
        ]
      },
      "pred": {
        "input_points": 711606,
        "after_voxel": 634790,
        "after_outliers": 607345,
        "centroid": [
          -2.2365845593758236,
          -0.16461867985826237,
          3.2748809015129448
        ]
      }
    },
    "config": {
      "voxel_size": 0.02,
      "f_score_threshold": 0.05,
      "icp_threshold": 0.1,
      "icp_method": "point_to_plane",
      "pose_with_scaling": true,
      "rpe_delta": 1,
      "include_lpips": false,
      "lpips_net": "alex"
    },
    "inputs": {
      "gt": "/Users/nidhimathihalli/Downloads/3D points cloud stuff/pointclouds/bac7820ec2cd15a8_standard.ply",
      "pred": "/Users/nidhimathihalli/Downloads/3D points cloud stuff/pointclouds/bac7820ec2cd15a8_1.ply",
      "gt_traj": "/Users/nidhimathihalli/Downloads/3D points cloud stuff/trajectories/bac7820ec2cd15a8.txt",
      "pred_traj": "/Users/nidhimathihalli/Downloads/3D points cloud stuff/trajectories/bac7820ec2cd15a8_1.txt",
      "rendered_images": null,
      "gt_images": null,
      "rce_intrinsics_json": null,
      "rce_video": null,
      "rce_image_dir": null
    },
    "pose": {
      "ate": {
        "ate_rmse": 0.010910171614142757,
        "ate_mean": 0.00965689098987724,
        "ate_median": 0.008067362737825531,
        "ate_max": 0.020286747219131082,
        "aligned_with_scale": true,
        "n_frames": 169
      },
      "rpe": {
        "rpe_translation_rmse": 0.0006718884466815995,
        "rpe_translation_mean": 0.0006274582466663375,
        "rpe_rotation_rmse_deg": 3.4244839994077627,
        "rpe_rotation_mean_deg": 2.337124297109013,
        "delta": 1,
        "n_pairs": 168
      },
      "alignment": {
        "rotation": [
          [
            0.997985065726566,
            -0.05952641598319361,
            0.021963933776473536
          ],
          [
            0.06191924683028151,
            0.9892668642940095,
            -0.13235209889483338
          ],
          [
            -0.013849745799550561,
            0.1334454083514792,
            0.9909593874277569
          ]
        ],
        "translation": [
          0.00203580738609227,
          -0.0013247626974309343,
          -0.0036752280339378274
        ],
        "scale": 1.0399007756035803,
        "with_scaling": true
      },
      "pose_consistency": {
        "pose_consistency_score": 0.44600001873443595,
        "ate_term": 0.8966392101789737,
        "rpe_translation_term": 0.9866521148205052,
        "rpe_rotation_term": 0.5041422544306653,
        "ate_scale": 0.1,
        "rpe_translation_scale": 0.05,
        "rpe_rotation_scale_deg": 5.0
      }
    }
  }
}