{
  "summary": {
    "chamfer_distance": 6.397250493992303,
    "f_score": 0.0968500789883574,
    "icp_fitness": 0.11309106175452319,
    "icp_rmse": 0.0509180730173472,
    "inlier_ratio": 0.11309106175452319,
    "ate": 0.0919880931507721,
    "rpe_translation": 0.001904584460753631,
    "rpe_rotation": 13.788999306910593,
    "psnr": null,
    "ssim": null,
    "lpips": null,
    "rce_l1": null,
    "rce_rmse": null,
    "rce_coverage": null
  },
  "detailed": {
    "icp": {
      "transformation": [
        [
          0.9958466448396129,
          0.0667694840246196,
          0.061897463314522914,
          -0.6665833841255924
        ],
        [
          -0.07025501002115213,
          0.9959583621280775,
          0.055956898360134046,
          -0.5509704692864965
        ],
        [
          -0.05791108295149076,
          -0.06007309639301642,
          0.9965126840944578,
          0.1970275810862774
        ],
        [
          0.0,
          0.0,
          0.0,
          1.0
        ]
      ],
      "fitness": 0.11309106175452319,
      "inlier_rmse": 0.0509180730173472,
      "num_correspondences": 78658,
      "inlier_ratio": 0.11309106175452319,
      "threshold": 0.1,
      "method": "point_to_plane"
    },
    "geometry": {
      "chamfer": {
        "chamfer_distance": 6.397250493992303,
        "pred_to_gt_mean": 6.031950663436522,
        "gt_to_pred_mean": 0.36529983055578114,
        "n_pred": 695528,
        "n_gt": 508775
      },
      "f_score": {
        "threshold": 0.05,
        "precision": 0.07123509046364776,
        "recall": 0.15122991499189228,
        "f_score": 0.0968500789883574,
        "n_pred": 695528,
        "n_gt": 508775
      },
      "hausdorff": {
        "hausdorff": 395.33028783868974,
        "directed_pred_to_gt": 395.33028783868974,
        "directed_gt_to_pred": 3.4090774757326225,
        "quantile": 0.95,
        "pred_to_gt_quantile": 21.434321209555925,
        "gt_to_pred_quantile": 1.1989266911504055
      }
    },
    "preprocess": {
      "gt": {
        "input_points": 615210,
        "after_voxel": 532745,
        "after_outliers": 508775,
        "centroid": [
          -1.7646428227849507,
          -0.47589526814368904,
          3.5947394206343257
        ]
      },
      "pred": {
        "input_points": 786028,
        "after_voxel": 730162,
        "after_outliers": 695528,
        "centroid": [
          -3.2188943751586674,
          -2.5405591309279365,
          2.6090667338232363
        ]
      }
    },
    "config": {
      "voxel_size": 0.02,
      "f_score_threshold": 0.05,
      "icp_threshold": 0.1,
      "icp_method": "point_to_plane",
      "pose_with_scaling": true,
      "rpe_delta": 1,
      "include_lpips": false,
      "lpips_net": "alex"
    },
    "inputs": {
      "gt": "/Users/nidhimathihalli/Downloads/3D points cloud stuff/pointclouds/bac7820ec2cd15a8_standard.ply",
      "pred": "/Users/nidhimathihalli/Downloads/3D points cloud stuff/pointclouds/bac7820ec2cd15a8_4.ply",
      "gt_traj": "/Users/nidhimathihalli/Downloads/3D points cloud stuff/trajectories/bac7820ec2cd15a8.txt",
      "pred_traj": "/Users/nidhimathihalli/Downloads/3D points cloud stuff/trajectories/bac7820ec2cd15a8_4.txt",
      "rendered_images": null,
      "gt_images": null,
      "rce_intrinsics_json": null,
      "rce_video": null,
      "rce_image_dir": null
    },
    "pose": {
      "ate": {
        "ate_rmse": 0.0919880931507721,
        "ate_mean": 0.0810375645846238,
        "ate_median": 0.0814460256830183,
        "ate_max": 0.15429511673878354,
        "aligned_with_scale": true,
        "n_frames": 169
      },
      "rpe": {
        "rpe_translation_rmse": 0.001904584460753631,
        "rpe_translation_mean": 0.0018734894832917906,
        "rpe_rotation_rmse_deg": 13.788999306910593,
        "rpe_rotation_mean_deg": 7.806036355425546,
        "delta": 1,
        "n_pairs": 168
      },
      "alignment": {
        "rotation": [
          [
            -0.42988832161556784,
            0.19985241036207277,
            -0.8804856869995215
          ],
          [
            0.6155387533688064,
            -0.6485668738258785,
            -0.44774217277011275
          ],
          [
            -0.6605362019145697,
            -0.7344521933034142,
            0.1557944213124413
          ]
        ],
        "translation": [
          -0.1597631652006868,
          -0.00821944909706025,
          -0.07394672354358686
        ],
        "scale": 0.00010117085877345367,
        "with_scaling": true
      },
      "pose_consistency": {
        "pose_consistency_score": 0.024336634237528475,
        "ate_term": 0.3985664949709559,
        "rpe_translation_term": 0.9626246745439069,
        "rpe_rotation_term": 0.06343117232118906,
        "ate_scale": 0.1,
        "rpe_translation_scale": 0.05,
        "rpe_rotation_scale_deg": 5.0
      }
    }
  }
}