{
  "summary": {
    "chamfer_distance": 0.937209416135732,
    "f_score": 0.2625658328935065,
    "icp_fitness": 0.4017942915697116,
    "icp_rmse": 0.05041741975244917,
    "inlier_ratio": 0.4017942915697116,
    "ate": 1.2536278411621211,
    "rpe_translation": 0.026468789930222385,
    "rpe_rotation": 5.093923910599984,
    "psnr": null,
    "ssim": null,
    "lpips": null,
    "rce_l1": null,
    "rce_rmse": null,
    "rce_coverage": null
  },
  "detailed": {
    "icp": {
      "transformation": [
        [
          0.9997731266699238,
          0.021296777640689074,
          0.00037742650195498733,
          0.08901226226725255
        ],
        [
          -0.021247145956931838,
          0.9983789446813945,
          -0.052801909108961695,
          -0.023815455443230348
        ],
        [
          -0.0015013251900140377,
          0.0527819105280327,
          0.9986049348684822,
          0.1246477412789537
        ],
        [
          0.0,
          0.0,
          0.0,
          1.0
        ]
      ],
      "fitness": 0.4017942915697116,
      "inlier_rmse": 0.05041741975244917,
      "num_correspondences": 150570,
      "inlier_ratio": 0.4017942915697116,
      "threshold": 0.1,
      "method": "point_to_plane"
    },
    "geometry": {
      "chamfer": {
        "chamfer_distance": 0.937209416135732,
        "pred_to_gt_mean": 0.7689313517874445,
        "gt_to_pred_mean": 0.16827806434828751,
        "n_pred": 374744,
        "n_gt": 366596
      },
      "f_score": {
        "threshold": 0.05,
        "precision": 0.2518065666161433,
        "recall": 0.2742855895863566,
        "f_score": 0.2625658328935065,
        "n_pred": 374744,
        "n_gt": 366596
      },
      "hausdorff": {
        "hausdorff": 6.21419535969549,
        "directed_pred_to_gt": 6.21419535969549,
        "directed_gt_to_pred": 0.9787612917206928,
        "quantile": 0.95,
        "pred_to_gt_quantile": 3.4643857907145548,
        "gt_to_pred_quantile": 0.4835642159275884
      }
    },
    "preprocess": {
      "gt": {
        "input_points": 561515,
        "after_voxel": 382145,
        "after_outliers": 366596,
        "centroid": [
          -0.18596254077907057,
          0.5431053162325371,
          5.141026704165137
        ]
      },
      "pred": {
        "input_points": 541934,
        "after_voxel": 389925,
        "after_outliers": 374744,
        "centroid": [
          -0.6287631151393126,
          0.7509291340640321,
          4.747366172075962
        ]
      }
    },
    "config": {
      "voxel_size": 0.02,
      "f_score_threshold": 0.05,
      "icp_threshold": 0.1,
      "icp_method": "point_to_plane",
      "pose_with_scaling": true,
      "rpe_delta": 1,
      "include_lpips": false,
      "lpips_net": "alex"
    },
    "inputs": {
      "gt": "/Users/nidhimathihalli/Downloads/3D points cloud stuff/pointclouds/ff887646981745a6_standard.ply",
      "pred": "/Users/nidhimathihalli/Downloads/3D points cloud stuff/pointclouds/ff887646981745a6_4.ply",
      "gt_traj": "/Users/nidhimathihalli/Downloads/3D points cloud stuff/trajectories/ff887646981745a6.txt",
      "pred_traj": "/Users/nidhimathihalli/Downloads/3D points cloud stuff/trajectories/ff887646981745a6_4.txt",
      "rendered_images": null,
      "gt_images": null,
      "rce_intrinsics_json": null,
      "rce_video": null,
      "rce_image_dir": null
    },
    "pose": {
      "ate": {
        "ate_rmse": 1.2536278411621211,
        "ate_mean": 1.1536946710134914,
        "ate_median": 0.9643543265241836,
        "ate_max": 2.2132044884517246,
        "aligned_with_scale": true,
        "n_frames": 263
      },
      "rpe": {
        "rpe_translation_rmse": 0.026468789930222385,
        "rpe_translation_mean": 0.02435421259314957,
        "rpe_rotation_rmse_deg": 5.093923910599984,
        "rpe_rotation_mean_deg": 2.8263169129774743,
        "delta": 1,
        "n_pairs": 262
      },
      "alignment": {
        "rotation": [
          [
            0.691997954396105,
            -0.27035686745725873,
            0.6693623796795759
          ],
          [
            -0.3183680499151374,
            0.7178907751600985,
            0.6190917700416194
          ],
          [
            -0.6479047892282007,
            -0.6415138339574068,
            0.4107059592170896
          ]
        ],
        "translation": [
          -0.7451032487393957,
          -0.16929715512896215,
          2.876853484883053
        ],
        "scale": 0.42512333181532397,
        "with_scaling": true
      },
      "pose_consistency": {
        "pose_consistency_score": 7.641979439898819e-07,
        "ate_term": 3.59387909262001e-06,
        "rpe_translation_term": 0.5889724924140267,
        "rpe_rotation_term": 0.36103340795480027,
        "ate_scale": 0.1,
        "rpe_translation_scale": 0.05,
        "rpe_rotation_scale_deg": 5.0
      }
    }
  }
}