{
  "summary": {
    "chamfer_distance": 0.487028097234278,
    "f_score": 0.20060488566022452,
    "icp_fitness": 0.4468929262204295,
    "icp_rmse": 0.049596713466287495,
    "inlier_ratio": 0.4468929262204295,
    "ate": 0.522182330290746,
    "rpe_translation": 0.024667433773889035,
    "rpe_rotation": 5.139132722032354,
    "psnr": null,
    "ssim": null,
    "lpips": null,
    "rce_l1": null,
    "rce_rmse": null,
    "rce_coverage": null
  },
  "detailed": {
    "icp": {
      "transformation": [
        [
          0.9950859794496466,
          -0.0244731475129998,
          0.09594247523148026,
          0.22776505723857055
        ],
        [
          0.01616855045641587,
          0.9961294134099035,
          0.08639889881113988,
          0.13474744209180373
        ],
        [
          -0.09768557456899456,
          -0.08442308209516047,
          0.9916301083219885,
          -0.083659240932104
        ],
        [
          0.0,
          0.0,
          0.0,
          1.0
        ]
      ],
      "fitness": 0.4468929262204295,
      "inlier_rmse": 0.049596713466287495,
      "num_correspondences": 81099,
      "inlier_ratio": 0.4468929262204295,
      "threshold": 0.1,
      "method": "point_to_plane"
    },
    "geometry": {
      "chamfer": {
        "chamfer_distance": 0.487028097234278,
        "pred_to_gt_mean": 0.24732340503213263,
        "gt_to_pred_mean": 0.23970469220214533,
        "n_pred": 181473,
        "n_gt": 366596
      },
      "f_score": {
        "threshold": 0.05,
        "precision": 0.28589376932105603,
        "recall": 0.15451068751432095,
        "f_score": 0.20060488566022452,
        "n_pred": 181473,
        "n_gt": 366596
      },
      "hausdorff": {
        "hausdorff": 1.6667381294826393,
        "directed_pred_to_gt": 1.2910912064512028,
        "directed_gt_to_pred": 1.6667381294826393,
        "quantile": 0.95,
        "pred_to_gt_quantile": 0.7900283505719635,
        "gt_to_pred_quantile": 0.7318326347039535
      }
    },
    "preprocess": {
      "gt": {
        "input_points": 561515,
        "after_voxel": 382145,
        "after_outliers": 366596,
        "centroid": [
          -0.18596254077907057,
          0.5431053162325371,
          5.141026704165137
        ]
      },
      "pred": {
        "input_points": 288310,
        "after_voxel": 189532,
        "after_outliers": 181473,
        "centroid": [
          -0.7702892727368323,
          0.641508738104521,
          3.5026664727139707
        ]
      }
    },
    "config": {
      "voxel_size": 0.02,
      "f_score_threshold": 0.05,
      "icp_threshold": 0.1,
      "icp_method": "point_to_plane",
      "pose_with_scaling": true,
      "rpe_delta": 1,
      "include_lpips": false,
      "lpips_net": "alex"
    },
    "inputs": {
      "gt": "/Users/nidhimathihalli/Downloads/3D points cloud stuff/pointclouds/ff887646981745a6_standard.ply",
      "pred": "/Users/nidhimathihalli/Downloads/3D points cloud stuff/pointclouds/ff887646981745a6_135deg.ply",
      "gt_traj": "/Users/nidhimathihalli/Downloads/3D points cloud stuff/trajectories/ff887646981745a6.txt",
      "pred_traj": "/Users/nidhimathihalli/Downloads/3D points cloud stuff/trajectories/ff887646981745a6_135deg.txt",
      "rendered_images": null,
      "gt_images": null,
      "rce_intrinsics_json": null,
      "rce_video": null,
      "rce_image_dir": null
    },
    "pose": {
      "ate": {
        "ate_rmse": 0.522182330290746,
        "ate_mean": 0.49782266583537993,
        "ate_median": 0.506225697118288,
        "ate_max": 0.9862962195288831,
        "aligned_with_scale": true,
        "n_frames": 263
      },
      "rpe": {
        "rpe_translation_rmse": 0.024667433773889035,
        "rpe_translation_mean": 0.0220241472285513,
        "rpe_rotation_rmse_deg": 5.139132722032354,
        "rpe_rotation_mean_deg": 5.0779125489182775,
        "delta": 1,
        "n_pairs": 262
      },
      "alignment": {
        "rotation": [
          [
            -0.02560015589296954,
            -0.9996255413069258,
            0.009664842734978009
          ],
          [
            0.3145358585623396,
            0.0011225562850103272,
            0.9492449281117282
          ],
          [
            -0.9489003244264954,
            0.02734075774778707,
            0.3143893402599223
          ]
        ],
        "translation": [
          0.641381756644998,
          -0.7216920805247602,
          1.5725171974258143
        ],
        "scale": 1.240029263691638,
        "with_scaling": true
      },
      "pose_consistency": {
        "pose_consistency_score": 0.0011791062735242823,
        "ate_term": 0.005397478910215934,
        "rpe_translation_term": 0.6105783382523523,
        "rpe_rotation_term": 0.3577837431900039,
        "ate_scale": 0.1,
        "rpe_translation_scale": 0.05,
        "rpe_rotation_scale_deg": 5.0
      }
    }
  }
}