{
  "summary": {
    "chamfer_distance": 5.994976158912011,
    "f_score": 0.045066926322038396,
    "icp_fitness": 0.052975874688654896,
    "icp_rmse": 0.04831225371324264,
    "inlier_ratio": 0.052975874688654896,
    "ate": 1.305983330095204,
    "rpe_translation": 0.028978980218528815,
    "rpe_rotation": 5.19032594789236,
    "psnr": null,
    "ssim": null,
    "lpips": null,
    "rce_l1": null,
    "rce_rmse": null,
    "rce_coverage": null
  },
  "detailed": {
    "icp": {
      "transformation": [
        [
          0.9952403573963363,
          0.09697117466021091,
          -0.009655169321701818,
          0.14110589420033084
        ],
        [
          -0.09481296318953003,
          0.9864334357418791,
          0.13401335329621122,
          -1.4215532304535943
        ],
        [
          0.022519614135963296,
          -0.1324600624169159,
          0.9909324895489454,
          -0.16584562132089642
        ],
        [
          0.0,
          0.0,
          0.0,
          1.0
        ]
      ],
      "fitness": 0.052975874688654896,
      "inlier_rmse": 0.04831225371324264,
      "num_correspondences": 23566,
      "inlier_ratio": 0.052975874688654896,
      "threshold": 0.1,
      "method": "point_to_plane"
    },
    "geometry": {
      "chamfer": {
        "chamfer_distance": 5.994976158912011,
        "pred_to_gt_mean": 5.23404950154282,
        "gt_to_pred_mean": 0.760926657369191,
        "n_pred": 444844,
        "n_gt": 366596
      },
      "f_score": {
        "threshold": 0.05,
        "precision": 0.03539892636519769,
        "recall": 0.06200013093432553,
        "f_score": 0.045066926322038396,
        "n_pred": 444844,
        "n_gt": 366596
      },
      "hausdorff": {
        "hausdorff": 60.03980155760172,
        "directed_pred_to_gt": 60.03980155760172,
        "directed_gt_to_pred": 3.287069600467728,
        "quantile": 0.95,
        "pred_to_gt_quantile": 28.013370082997803,
        "gt_to_pred_quantile": 1.9414495374601815
      }
    },
    "preprocess": {
      "gt": {
        "input_points": 561515,
        "after_voxel": 382145,
        "after_outliers": 366596,
        "centroid": [
          -0.18596254077907057,
          0.5431053162325371,
          5.141026704165137
        ]
      },
      "pred": {
        "input_points": 641667,
        "after_voxel": 471891,
        "after_outliers": 444844,
        "centroid": [
          3.070062617595143,
          -1.7553218839860272,
          3.567387453296036
        ]
      }
    },
    "config": {
      "voxel_size": 0.02,
      "f_score_threshold": 0.05,
      "icp_threshold": 0.1,
      "icp_method": "point_to_plane",
      "pose_with_scaling": true,
      "rpe_delta": 1,
      "include_lpips": false,
      "lpips_net": "alex"
    },
    "inputs": {
      "gt": "/Users/nidhimathihalli/Downloads/3D points cloud stuff/pointclouds/ff887646981745a6_standard.ply",
      "pred": "/Users/nidhimathihalli/Downloads/3D points cloud stuff/pointclouds/ff887646981745a6_45deg.ply",
      "gt_traj": "/Users/nidhimathihalli/Downloads/3D points cloud stuff/trajectories/ff887646981745a6.txt",
      "pred_traj": "/Users/nidhimathihalli/Downloads/3D points cloud stuff/trajectories/ff887646981745a6_45deg.txt",
      "rendered_images": null,
      "gt_images": null,
      "rce_intrinsics_json": null,
      "rce_video": null,
      "rce_image_dir": null
    },
    "pose": {
      "ate": {
        "ate_rmse": 1.305983330095204,
        "ate_mean": 1.137637639345935,
        "ate_median": 0.9728131302670593,
        "ate_max": 2.633405422816272,
        "aligned_with_scale": true,
        "n_frames": 263
      },
      "rpe": {
        "rpe_translation_rmse": 0.028978980218528815,
        "rpe_translation_mean": 0.026836946575050313,
        "rpe_rotation_rmse_deg": 5.19032594789236,
        "rpe_rotation_mean_deg": 3.170791929522444,
        "delta": 1,
        "n_pairs": 262
      },
      "alignment": {
        "rotation": [
          [
            0.12245828934926606,
            0.32581594847299294,
            -0.9374688981989192
          ],
          [
            0.8670933120086916,
            0.42443442103932233,
            0.2607769363015311
          ],
          [
            0.4828593538903941,
            -0.8448073093656676,
            -0.23053731672527905
          ]
        ],
        "translation": [
          -0.11010504057786338,
          0.49450398497765335,
          3.271984379309988
        ],
        "scale": 0.10490745137164968,
        "with_scaling": true
      },
      "pose_consistency": {
        "pose_consistency_score": 4.2233031382647294e-07,
        "ate_term": 2.1290529512322744e-06,
        "rpe_translation_term": 0.5601337948746764,
        "rpe_rotation_term": 0.35413921176512914,
        "ate_scale": 0.1,
        "rpe_translation_scale": 0.05,
        "rpe_rotation_scale_deg": 5.0
      }
    }
  }
}